<?xml version="1.0" encoding="UTF-8" ?>
<!-- This is a WordPress eXtended RSS file generated by WordPress as an export of your site. -->
<!-- It contains information about your site's posts, pages, comments, categories, and other content. -->
<!-- You may use this file to transfer that content from one site to another. -->
<!-- This file is not intended to serve as a complete backup of your site. -->

<!-- To import this information into a WordPress site follow these steps: -->
<!-- 1. Log in to that site as an administrator. -->
<!-- 2. Go to Tools: Import in the WordPress admin panel. -->
<!-- 3. Install the "WordPress" importer from the list. -->
<!-- 4. Activate & Run Importer. -->
<!-- 5. Upload this file using the form provided on that page. -->
<!-- 6. You will first be asked to map the authors in this export file to users -->
<!--    on the site. For each author, you may choose to map to an -->
<!--    existing user on the site or to create a new user. -->
<!-- 7. WordPress will then import each of the posts, pages, comments, categories, etc. -->
<!--    contained in this file into your site. -->

<!-- generator="WordPress/3.6.1" created="2013-10-21 22:26" -->
<rss version="2.0"
	xmlns:excerpt="http://wordpress.org/export/1.2/excerpt/"
	xmlns:content="http://purl.org/rss/1.0/modules/content/"
	xmlns:wfw="http://wellformedweb.org/CommentAPI/"
	xmlns:dc="http://purl.org/dc/elements/1.1/"
	xmlns:wp="http://wordpress.org/export/1.2/"
>

<channel>
	<title>Envision</title>
	<link>http://envision.wptation.com</link>
	<description>Just another WordPress site</description>
	<pubDate>Mon, 21 Oct 2013 22:26:02 +0000</pubDate>
	<language>en-US</language>
	<wp:wxr_version>1.2</wp:wxr_version>
	<wp:base_site_url>http://envision.wptation.com</wp:base_site_url>
	<wp:base_blog_url>http://envision.wptation.com</wp:base_blog_url>

	<wp:author><wp:author_id>1</wp:author_id><wp:author_login>admin</wp:author_login><wp:author_email>orquncom@gmail.com</wp:author_email><wp:author_display_name><![CDATA[Orkun Gursel]]></wp:author_display_name><wp:author_first_name><![CDATA[Orkun]]></wp:author_first_name><wp:author_last_name><![CDATA[Gürsel]]></wp:author_last_name></wp:author>


	<generator>http://wordpress.org/?v=3.6.1</generator>

	<item>
		<title>Standard Post Format</title>
		<link>http://envision.wptation.com/standard-post-format/</link>
		<pubDate>Sun, 21 Jul 2013 14:52:02 +0000</pubDate>
		<dc:creator>admin</dc:creator>
		<guid isPermaLink="false">http://envision.wptation.com/?p=6</guid>
		<description></description>
		<content:encoded><![CDATA[Morbi vel orci varius, vestibulum ipsum et, pharetra nulla. Donec non sapien ut lacus pulvinar aliquam vel ut mauris. Suspendisse id velit at libero volutpat venenatis. Fusce molestie, odio gravida rutrum faucibus, augue augue fermentum leo, id posuere justo justo et nisl. Sed facilisis sem sit amet commodo dignissim. Nulla vehicula justo ac lacus molestie, porta ullamcorper mi lobortis. Duis a lectus varius, tristique odio nec, viverra lorem. Suspendisse et ornare lectus, sed sollicitudin elit. In eu imperdiet eros. Fusce id urna justo. Suspendisse eu porta tortor. Morbi vulputate elementum tincidunt. Donec sem sem, consectetur a elit quis, dignissim sollicitudin ante. Proin auctor molestie ipsum, at cursus dolor sollicitudin in. Quisque ornare metus risus, et adipiscing neque ornare vestibulum. Ut gravida nulla in nulla sodales sodales.

Fusce et urna et mauris facilisis hendrerit nec in sapien. Integer imperdiet tellus ut aliquet molestie. Mauris auctor diam eget ultrices molestie. Vestibulum nec aliquam massa, at molestie ante. Vivamus elementum ullamcorper ante, pulvinar dapibus justo auctor vel. Mauris in magna ipsum. Duis molestie mi quis nulla tincidunt faucibus. Pellentesque habitant morbi tristique senectus et netus et malesuada fames ac turpis egestas. Praesent quis augue ultrices, convallis purus vitae, egestas velit. Nam non aliquet nibh, in pretium leo. Nulla venenatis justo ac ligula commodo, non egestas tortor viverra. Nunc accumsan, eros a sodales laoreet, metus leo luctus tortor, sit amet volutpat metus risus sodales enim. Etiam facilisis enim tristique eros euismod euismod. Maecenas pretium diam eu adipiscing tincidunt. Nam eget metus nibh. Cras viverra enim id tempus suscipit.]]></content:encoded>
		<excerpt:encoded><![CDATA[]]></excerpt:encoded>
		<wp:post_id>6</wp:post_id>
		<wp:post_date>2013-07-21 14:52:02</wp:post_date>
		<wp:post_date_gmt>2013-07-21 14:52:02</wp:post_date_gmt>
		<wp:comment_status>open</wp:comment_status>
		<wp:ping_status>open</wp:ping_status>
		<wp:post_name>standard-post-format</wp:post_name>
		<wp:status>publish</wp:status>
		<wp:post_parent>0</wp:post_parent>
		<wp:menu_order>0</wp:menu_order>
		<wp:post_type>post</wp:post_type>
		<wp:post_password></wp:post_password>
		<wp:is_sticky>0</wp:is_sticky>
		<category domain="category" nicename="featured"><![CDATA[Featured]]></category>
		<category domain="post_tag" nicename="high-resolution"><![CDATA[high resolution]]></category>
		<category domain="post_tag" nicename="icons"><![CDATA[icons]]></category>
		<category domain="post_tag" nicename="layout"><![CDATA[layout]]></category>
		<category domain="post_tag" nicename="menu"><![CDATA[menu]]></category>
		<category domain="post_tag" nicename="navigation"><![CDATA[navigation]]></category>
		<category domain="post_tag" nicename="paper"><![CDATA[paper]]></category>
		<category domain="post_tag" nicename="theme"><![CDATA[theme]]></category>
		<category domain="category" nicename="uncategorized"><![CDATA[Uncategorized]]></category>
		<wp:postmeta>
			<wp:meta_key>_edit_last</wp:meta_key>
			<wp:meta_value><![CDATA[1]]></wp:meta_value>
		</wp:postmeta>
		<wp:postmeta>
			<wp:meta_key>_thumbnail_id</wp:meta_key>
			<wp:meta_value><![CDATA[7]]></wp:meta_value>
		</wp:postmeta>
		<wp:postmeta>
			<wp:meta_key>env_blog_gallery_indicator</wp:meta_key>
			<wp:meta_value><![CDATA[a:1:{i:0;s:1:"1";}]]></wp:meta_value>
		</wp:postmeta>
		<wp:postmeta>
			<wp:meta_key>env_blog_gallery_image</wp:meta_key>
			<wp:meta_value><![CDATA[a:1:{i:0;s:0:"";}]]></wp:meta_value>
		</wp:postmeta>
		<wp:postmeta>
			<wp:meta_key>env_titlebar</wp:meta_key>
			<wp:meta_value><![CDATA[1]]></wp:meta_value>
		</wp:postmeta>
		<wp:postmeta>
			<wp:meta_key>env_composer_activate</wp:meta_key>
			<wp:meta_value><![CDATA[FALSE]]></wp:meta_value>
		</wp:postmeta>
		<wp:postmeta>
			<wp:meta_key>env_likes</wp:meta_key>
			<wp:meta_value><![CDATA[6]]></wp:meta_value>
		</wp:postmeta>
		<wp:comment>
			<wp:comment_id>34</wp:comment_id>
			<wp:comment_author><![CDATA[Mike]]></wp:comment_author>
			<wp:comment_author_email>mike.j@woothemes.com</wp:comment_author_email>
			<wp:comment_author_url></wp:comment_author_url>
			<wp:comment_author_IP>::1</wp:comment_author_IP>
			<wp:comment_date>2013-08-29 01:57:54</wp:comment_date>
			<wp:comment_date_gmt>2013-08-29 01:57:54</wp:comment_date_gmt>
			<wp:comment_content><![CDATA[Fusce molestie, odio gravida rutrum faucibus, augue augue fermentum leo, id posuere justo justo et nisl. Sed facilisis sem sit amet commodo dignissim.]]></wp:comment_content>
			<wp:comment_approved>1</wp:comment_approved>
			<wp:comment_type></wp:comment_type>
			<wp:comment_parent>0</wp:comment_parent>
			<wp:comment_user_id>0</wp:comment_user_id>
		</wp:comment>
		<wp:comment>
			<wp:comment_id>35</wp:comment_id>
			<wp:comment_author><![CDATA[Matty]]></wp:comment_author>
			<wp:comment_author_email>matt@woothemes.com</wp:comment_author_email>
			<wp:comment_author_url></wp:comment_author_url>
			<wp:comment_author_IP>::1</wp:comment_author_IP>
			<wp:comment_date>2013-08-29 01:58:19</wp:comment_date>
			<wp:comment_date_gmt>2013-08-29 01:58:19</wp:comment_date_gmt>
			<wp:comment_content><![CDATA[Maecenas pretium diam eu adipiscing tincidunt. Nam eget metus nibh. Cras viverra enim id tempus suscipit.]]></wp:comment_content>
			<wp:comment_approved>1</wp:comment_approved>
			<wp:comment_type></wp:comment_type>
			<wp:comment_parent>0</wp:comment_parent>
			<wp:comment_user_id>0</wp:comment_user_id>
		</wp:comment>
	</item>
	<item>
		<title>Gallery Post #1</title>
		<link>http://envision.wptation.com/gallery-post-1/</link>
		<pubDate>Sun, 21 Jul 2013 20:55:52 +0000</pubDate>
		<dc:creator>admin</dc:creator>
		<guid isPermaLink="false">http://envision.wptation.com/?p=15</guid>
		<description></description>
		<content:encoded><![CDATA[Suspendisse interdum ac nulla quis faucibus. Mauris ac quam eleifend, lacinia mi id, ullamcorper est. Aliquam quis bibendum turpis, id posuere arcu. Aliquam eu quam posuere, mattis neque tristique, vestibulum sem. Praesent tincidunt nunc at bibendum aliquet. Integer in enim vestibulum, egestas nibh ac, placerat ante. Quisque congue tellus a erat feugiat porttitor. Etiam id orci eget ante tincidunt pretium. Vestibulum ante ipsum primis in faucibus orci luctus et ultrices posuere cubilia Curae; Nunc adipiscing vel lectus eget lobortis. Ut dignissim ante non ipsum laoreet accumsan. Curabitur sit amet massa a erat hendrerit volutpat eget ut sapien. Maecenas blandit vel nunc at dictum.

<strong>Praesent ac purus in mauris vulputate fringilla. Aliquam porta euismod tempus. Fusce hendrerit suscipit faucibus.</strong> Etiam elit lorem, aliquam eget turpis et, eleifend pulvinar sem. Vestibulum volutpat, dui et scelerisque ultricies, turpis purus dictum enim, id adipiscing nulla nulla non eros. Duis lacinia in tortor dignissim fringilla. Pellentesque tincidunt suscipit pretium. Fusce porttitor nibh eget malesuada suscipit. Donec semper massa non elementum suscipit. Donec eleifend urna ac massa interdum sollicitudin. Aenean lobortis placerat vestibulum. Duis id erat non lorem porttitor feugiat. Mauris et tempus enim, et mollis risus. Nulla venenatis vel neque a lacinia. Phasellus eu lobortis tortor.

<blockquote>Suspendisse interdum ac nulla quis faucibus. Mauris ac quam eleifend, lacinia mi id, ullamcorper est. Aliquam quis bibendum turpis, id posuere arcu. Aliquam eu quam posuere, mattis neque tristique, vestibulum sem. Praesent tincidunt nunc at bibendum aliquet. Integer in enim vestibulum, egestas nibh ac, placerat ante. Quisque congue tellus a erat feugiat porttitor. Etiam id orci eget ante tincidunt pretium. Vestibulum ante ipsum primis in faucibus orci luctus et ultrices posuere cubilia Curae; Nunc adipiscing vel lectus eget lobortis. Ut dignissim ante non ipsum laoreet accumsan. Curabitur sit amet massa a erat hendrerit volutpat eget ut sapien. Maecenas blandit vel nunc at dictum.</blockquote>

Praesent ac purus in mauris vulputate fringilla. Aliquam porta euismod tempus. Fusce hendrerit suscipit faucibus. Etiam elit lorem, aliquam eget turpis et, eleifend pulvinar sem. Vestibulum volutpat, dui et scelerisque ultricies, turpis purus dictum enim, id adipiscing nulla nulla non eros. Duis lacinia in tortor dignissim fringilla. Pellentesque tincidunt suscipit pretium. Fusce porttitor nibh eget malesuada suscipit. Donec semper massa non elementum suscipit. Donec eleifend urna ac massa interdum sollicitudin. Aenean lobortis placerat vestibulum. Duis id erat non lorem porttitor feugiat. Mauris et tempus enim, et mollis risus. Nulla venenatis vel neque a lacinia. Phasellus eu lobortis tortor.]]></content:encoded>
		<excerpt:encoded><![CDATA[]]></excerpt:encoded>
		<wp:post_id>15</wp:post_id>
		<wp:post_date>2013-07-21 20:55:52</wp:post_date>
		<wp:post_date_gmt>2013-07-21 20:55:52</wp:post_date_gmt>
		<wp:comment_status>open</wp:comment_status>
		<wp:ping_status>open</wp:ping_status>
		<wp:post_name>gallery-post-1</wp:post_name>
		<wp:status>publish</wp:status>
		<wp:post_parent>0</wp:post_parent>
		<wp:menu_order>0</wp:menu_order>
		<wp:post_type>post</wp:post_type>
		<wp:post_password></wp:post_password>
		<wp:is_sticky>0</wp:is_sticky>
		<category domain="category" nicename="featured"><![CDATA[Featured]]></category>
		<category domain="category" nicename="gallery"><![CDATA[Gallery]]></category>
		<category domain="post_format" nicename="post-format-gallery"><![CDATA[Gallery]]></category>
		<wp:postmeta>
			<wp:meta_key>_thumbnail_id</wp:meta_key>
			<wp:meta_value><![CDATA[16]]></wp:meta_value>
		</wp:postmeta>
		<wp:postmeta>
			<wp:meta_key>_edit_last</wp:meta_key>
			<wp:meta_value><![CDATA[1]]></wp:meta_value>
		</wp:postmeta>
		<wp:postmeta>
			<wp:meta_key>env_blog_gallery_indicator</wp:meta_key>
			<wp:meta_value><![CDATA[a:2:{i:0;s:1:"1";i:1;s:1:"1";}]]></wp:meta_value>
		</wp:postmeta>
		<wp:postmeta>
			<wp:meta_key>env_blog_gallery_image</wp:meta_key>
			<wp:meta_value><![CDATA[a:2:{i:0;s:61:"http://envision.wptation.com/wp-content/uploads/2013/07/1.jpg";i:1;s:61:"http://envision.wptation.com/wp-content/uploads/2013/07/2.jpg";}]]></wp:meta_value>
		</wp:postmeta>
		<wp:postmeta>
			<wp:meta_key>env_titlebar</wp:meta_key>
			<wp:meta_value><![CDATA[1]]></wp:meta_value>
		</wp:postmeta>
		<wp:postmeta>
			<wp:meta_key>env_composer_activate</wp:meta_key>
			<wp:meta_value><![CDATA[FALSE]]></wp:meta_value>
		</wp:postmeta>
		<wp:postmeta>
			<wp:meta_key>env_likes</wp:meta_key>
			<wp:meta_value><![CDATA[11]]></wp:meta_value>
		</wp:postmeta>
		<wp:comment>
			<wp:comment_id>36</wp:comment_id>
			<wp:comment_author><![CDATA[Matty]]></wp:comment_author>
			<wp:comment_author_email>matt@woothemes.com</wp:comment_author_email>
			<wp:comment_author_url></wp:comment_author_url>
			<wp:comment_author_IP>::1</wp:comment_author_IP>
			<wp:comment_date>2013-08-29 01:58:57</wp:comment_date>
			<wp:comment_date_gmt>2013-08-29 01:58:57</wp:comment_date_gmt>
			<wp:comment_content><![CDATA[Praesent tempor neque at aliquet tincidunt. Nunc at semper nulla. Sed varius, est ut vulputate convallis, odio odio laoreet lectus, vel condimentum nisl felis non nunc.]]></wp:comment_content>
			<wp:comment_approved>1</wp:comment_approved>
			<wp:comment_type></wp:comment_type>
			<wp:comment_parent>0</wp:comment_parent>
			<wp:comment_user_id>0</wp:comment_user_id>
		</wp:comment>
	</item>
	<item>
		<title>Etta Bond: Under The Knife</title>
		<link>http://envision.wptation.com/etta-bond-under-the-knife/</link>
		<pubDate>Sun, 21 Jul 2013 21:03:30 +0000</pubDate>
		<dc:creator>admin</dc:creator>
		<guid isPermaLink="false">http://envision.wptation.com/?p=23</guid>
		<description></description>
		<content:encoded><![CDATA[Quisque ligula ipsum, euismod a vulputate a, ultricies et elit. Class aptent taciti sociosqu ad litora torquent per conubia nostra, per inceptos himenaeos. Nulla nunc dui, tristique in semper vel, congue sed ligula. Nam dolor ligula, faucibus id sodales in, auctor fringilla libero. Pellentesque pellentesque tempor tellus eget hendrerit. Morbi id aliquam ligula. Aliquam id dui sem. Proin rhoncus consequat nisl, eu ornare mauris tincidunt vitae.

Vestibulum sodales ante a purus volutpat euismod. Proin sodales quam nec ante sollicitudin lacinia. Ut egestas bibendum tempor. Morbi non nibh sit amet ligula blandit ullamcorper in nec risus. Pellentesque fringilla diam faucibus tortor bibendum vulputate. Etiam turpis urna, rhoncus et mattis ut, dapibus eu nunc. Nunc sed aliquet nisi. Nullam ut magna non lacus adipiscing volutpat. Aenean odio mauris, consectetur quis consequat quis, blandit a nunc. Sed orci erat, placerat ac interdum ut, suscipit eu augue. Nunc vitae mi tortor. Ut vel justo quis lectus elementum ullamcorper volutpat vel libero.

Donec volutpat nibh sit amet libero ornare non laoreet arcu luctus. Donec id arcu quis mauris euismod placerat sit amet ut metus. Sed imperdiet fringilla sem eget euismod. Pellentesque habitant morbi tristique senectus et netus et malesuada fames ac turpis egestas. Pellentesque adipiscing, neque ut pulvinar tincidunt, est sem euismod odio, eu ullamcorper turpis nisl sit amet velit. Nullam vitae nibh odio, non scelerisque nibh. Vestibulum ut est augue, in varius purus.

Proin dictum lobortis justo at pretium. Nunc malesuada ante sit amet purus ornare pulvinar. Donec suscipit dignissim ipsum at euismod. Curabitur malesuada lorem sed metus adipiscing in vehicula quam commodo. Sed porttitor elementum elementum. Proin eu ligula eget leo consectetur sodales et non mauris. Lorem ipsum dolor sit amet, consectetur adipiscing elit.
<ul class="ui--list list-square">
	<li>Praesent porttitor ipsum tincidunt velit lacinia auctor.</li>
	<li>Pellentesque eu est nec elit dignissim pharetra.</li>
	<li>Etiam varius leo at suscipit molestie.</li>
	<li>Cras a felis eget arcu lobortis blandit ut in ipsum.</li>
	<li>Curabitur adipiscing massa et hendrerit sodales.</li>
</ul>
Nunc tincidunt, elit non cursus euismod, lacus augue ornare metus, egestas imperdiet nulla nisl quis mauris. Suspendisse a pharetra urna. Morbi dui lectus, pharetra nec elementum eget, vulputate ut nisi. Aliquam accumsan, nulla sed feugiat vehicula, lacus justo semper libero, quis porttitor turpis odio sit amet ligula. Duis dapibus fermentum orci, nec malesuada libero vehicula ut. Integer sodales, urna eget interdum eleifend, nulla nibh laoreet nisl, quis dignissim mauris dolor eget mi. Donec at mauris enim. Duis nisi tellus, adipiscing a convallis quis, tristique vitae risus. Nullam molestie gravida lobortis. Proin ut nibh quis felis auctor ornare. Cras ultricies, nibh at mollis faucibus, justo eros porttitor mi, quis auctor lectus arcu sit amet nunc. Vivamus gravida vehicula arcu, vitae vulputate augue lacinia faucibus.

Ut porttitor euismod cursus. Mauris suscipit, turpis ut dapibus rhoncus, odio erat egestas orci, in sollicitudin enim erat id est. Sed auctor gravida arcu, nec fringilla orci aliquet ut. Nullam eu pretium purus. Maecenas fermentum posuere sem vel posuere. Lorem ipsum dolor sit amet, consectetur adipiscing elit. Morbi ornare convallis lectus a faucibus. Praesent et urna turpis. Fusce tincidunt augue in velit tincidunt sed tempor felis porta. Nunc sodales, metus ut vestibulum ornare, est magna laoreet lectus, ut adipiscing massa odio sed turpis. In nec lorem porttitor urna consequat sagittis. Nullam eget elit ante. Pellentesque justo urna, semper nec faucibus sit amet, aliquam at mi. Maecenas eget diam nec mi dignissim pharetra.]]></content:encoded>
		<excerpt:encoded><![CDATA[]]></excerpt:encoded>
		<wp:post_id>23</wp:post_id>
		<wp:post_date>2013-07-21 21:03:30</wp:post_date>
		<wp:post_date_gmt>2013-07-21 21:03:30</wp:post_date_gmt>
		<wp:comment_status>open</wp:comment_status>
		<wp:ping_status>open</wp:ping_status>
		<wp:post_name>etta-bond-under-the-knife</wp:post_name>
		<wp:status>publish</wp:status>
		<wp:post_parent>0</wp:post_parent>
		<wp:menu_order>0</wp:menu_order>
		<wp:post_type>post</wp:post_type>
		<wp:post_password></wp:post_password>
		<wp:is_sticky>0</wp:is_sticky>
		<category domain="category" nicename="featured"><![CDATA[Featured]]></category>
		<category domain="category" nicename="music"><![CDATA[Music]]></category>
		<category domain="post_tag" nicename="music-2"><![CDATA[music]]></category>
		<category domain="post_format" nicename="post-format-video"><![CDATA[Video]]></category>
		<category domain="post_tag" nicename="theme"><![CDATA[theme]]></category>
		<category domain="category" nicename="video"><![CDATA[Video]]></category>
		<category domain="post_tag" nicename="video-2"><![CDATA[video]]></category>
		<wp:postmeta>
			<wp:meta_key>_edit_last</wp:meta_key>
			<wp:meta_value><![CDATA[1]]></wp:meta_value>
		</wp:postmeta>
		<wp:postmeta>
			<wp:meta_key>env_blog_thumbnail_type</wp:meta_key>
			<wp:meta_value><![CDATA[video]]></wp:meta_value>
		</wp:postmeta>
		<wp:postmeta>
			<wp:meta_key>env_blog_video</wp:meta_key>
			<wp:meta_value><![CDATA[http://vimeo.com/66297975]]></wp:meta_value>
		</wp:postmeta>
		<wp:postmeta>
			<wp:meta_key>env_blog_gallery_indicator</wp:meta_key>
			<wp:meta_value><![CDATA[a:1:{i:0;s:1:"1";}]]></wp:meta_value>
		</wp:postmeta>
		<wp:postmeta>
			<wp:meta_key>env_blog_gallery_image</wp:meta_key>
			<wp:meta_value><![CDATA[a:1:{i:0;s:0:"";}]]></wp:meta_value>
		</wp:postmeta>
		<wp:postmeta>
			<wp:meta_key>env_titlebar</wp:meta_key>
			<wp:meta_value><![CDATA[1]]></wp:meta_value>
		</wp:postmeta>
		<wp:postmeta>
			<wp:meta_key>env_composer_activate</wp:meta_key>
			<wp:meta_value><![CDATA[FALSE]]></wp:meta_value>
		</wp:postmeta>
		<wp:postmeta>
			<wp:meta_key>env_likes</wp:meta_key>
			<wp:meta_value><![CDATA[2]]></wp:meta_value>
		</wp:postmeta>
		<wp:comment>
			<wp:comment_id>32</wp:comment_id>
			<wp:comment_author><![CDATA[Dan]]></wp:comment_author>
			<wp:comment_author_email>dan@woothemes.com</wp:comment_author_email>
			<wp:comment_author_url></wp:comment_author_url>
			<wp:comment_author_IP>::1</wp:comment_author_IP>
			<wp:comment_date>2013-08-29 01:56:04</wp:comment_date>
			<wp:comment_date_gmt>2013-08-29 01:56:04</wp:comment_date_gmt>
			<wp:comment_content><![CDATA[In hac habitasse platea dictumst. Cras enim lectus, commodo ullamcorper consectetur ac, faucibus sit amet urna. Quisque quis aliquam elit. Morbi condimentum sagittis ligula, ac vulputate felis. Praesent posuere, quam egestas vestibulum pharetra, nisl sem dictum mi, non dapibus ligula augue eget urna. Nullam elementum et diam id posuere. Nam commodo id eros id interdum. Maecenas sapien velit, cursus id pulvinar ut, bibendum in dui. Pellentesque congue erat libero, ut dignissim neque auctor a.]]></wp:comment_content>
			<wp:comment_approved>1</wp:comment_approved>
			<wp:comment_type></wp:comment_type>
			<wp:comment_parent>0</wp:comment_parent>
			<wp:comment_user_id>0</wp:comment_user_id>
		</wp:comment>
		<wp:comment>
			<wp:comment_id>33</wp:comment_id>
			<wp:comment_author><![CDATA[Mike]]></wp:comment_author>
			<wp:comment_author_email>mike.j@woothemes.com</wp:comment_author_email>
			<wp:comment_author_url></wp:comment_author_url>
			<wp:comment_author_IP>::1</wp:comment_author_IP>
			<wp:comment_date>2013-08-29 01:57:04</wp:comment_date>
			<wp:comment_date_gmt>2013-08-29 01:57:04</wp:comment_date_gmt>
			<wp:comment_content><![CDATA[Sed vitae lobortis nulla. Vivamus sodales lobortis nisi.]]></wp:comment_content>
			<wp:comment_approved>1</wp:comment_approved>
			<wp:comment_type></wp:comment_type>
			<wp:comment_parent>0</wp:comment_parent>
			<wp:comment_user_id>0</wp:comment_user_id>
		</wp:comment>
	</item>
	<item>
		<title>Image Post Format</title>
		<link>http://envision.wptation.com/image-post-format/</link>
		<pubDate>Sun, 21 Jul 2013 21:13:54 +0000</pubDate>
		<dc:creator>admin</dc:creator>
		<guid isPermaLink="false">http://envision.wptation.com/?p=26</guid>
		<description></description>
		<content:encoded><![CDATA[Quisque erat ligula, vehicula quis sollicitudin a, tempus at ligula. Donec vehicula ante ac tortor viverra sodales. Praesent lectus leo, euismod eu enim quis, lacinia imperdiet ligula. Fusce dapibus volutpat orci vel mattis. Donec eget libero euismod, aliquam nulla suscipit, tempor purus. Duis molestie metus lorem, a luctus lacus ullamcorper nec. Donec lacus leo, accumsan at lorem id, ultrices malesuada nisl. Maecenas consectetur ullamcorper sapien id suscipit. Etiam lacus ipsum, interdum et orci quis, placerat gravida mi.]]></content:encoded>
		<excerpt:encoded><![CDATA[]]></excerpt:encoded>
		<wp:post_id>26</wp:post_id>
		<wp:post_date>2013-07-21 21:13:54</wp:post_date>
		<wp:post_date_gmt>2013-07-21 21:13:54</wp:post_date_gmt>
		<wp:comment_status>open</wp:comment_status>
		<wp:ping_status>open</wp:ping_status>
		<wp:post_name>image-post-format</wp:post_name>
		<wp:status>publish</wp:status>
		<wp:post_parent>0</wp:post_parent>
		<wp:menu_order>0</wp:menu_order>
		<wp:post_type>post</wp:post_type>
		<wp:post_password></wp:post_password>
		<wp:is_sticky>0</wp:is_sticky>
		<category domain="category" nicename="featured"><![CDATA[Featured]]></category>
		<category domain="category" nicename="image"><![CDATA[Image]]></category>
		<category domain="post_tag" nicename="image-2"><![CDATA[image]]></category>
		<category domain="post_format" nicename="post-format-image"><![CDATA[Image]]></category>
		<wp:postmeta>
			<wp:meta_key>_thumbnail_id</wp:meta_key>
			<wp:meta_value><![CDATA[27]]></wp:meta_value>
		</wp:postmeta>
		<wp:postmeta>
			<wp:meta_key>_edit_last</wp:meta_key>
			<wp:meta_value><![CDATA[1]]></wp:meta_value>
		</wp:postmeta>
		<wp:postmeta>
			<wp:meta_key>env_blog_gallery_indicator</wp:meta_key>
			<wp:meta_value><![CDATA[a:1:{i:0;s:1:"1";}]]></wp:meta_value>
		</wp:postmeta>
		<wp:postmeta>
			<wp:meta_key>env_blog_gallery_image</wp:meta_key>
			<wp:meta_value><![CDATA[a:1:{i:0;s:0:"";}]]></wp:meta_value>
		</wp:postmeta>
		<wp:postmeta>
			<wp:meta_key>env_titlebar</wp:meta_key>
			<wp:meta_value><![CDATA[1]]></wp:meta_value>
		</wp:postmeta>
		<wp:postmeta>
			<wp:meta_key>env_titlebar_text</wp:meta_key>
			<wp:meta_value><![CDATA[In hac habitasse platea dictumst. Cras enim lectus, commodo ullamcorper consectetur ac, faucibus sit amet urna. Quisque quis aliquam elit. Morbi condimentum sagittis ligula, ac vulputate felis. Praesent posuere, quam egestas vestibulum pharetra, nisl sem dictum mi, non dapibus ligula augue eget urna. <a href="#">Nullam elementum</a> et diam id posuere. Nam commodo id eros id interdum. Maecenas sapien velit, cursus id pulvinar ut, bibendum in dui. Pellentesque congue erat libero, ut dignissim neque auctor a.]]></wp:meta_value>
		</wp:postmeta>
		<wp:postmeta>
			<wp:meta_key>env_composer_activate</wp:meta_key>
			<wp:meta_value><![CDATA[FALSE]]></wp:meta_value>
		</wp:postmeta>
		<wp:postmeta>
			<wp:meta_key>env_likes</wp:meta_key>
			<wp:meta_value><![CDATA[1]]></wp:meta_value>
		</wp:postmeta>
		<wp:postmeta>
			<wp:meta_key>env_titlebar_title</wp:meta_key>
			<wp:meta_value><![CDATA[Custom <strong>Post Title</strong>]]></wp:meta_value>
		</wp:postmeta>
		<wp:comment>
			<wp:comment_id>29</wp:comment_id>
			<wp:comment_author><![CDATA[Dan]]></wp:comment_author>
			<wp:comment_author_email>dan@woothemes.com</wp:comment_author_email>
			<wp:comment_author_url></wp:comment_author_url>
			<wp:comment_author_IP>::1</wp:comment_author_IP>
			<wp:comment_date>2013-08-29 01:54:42</wp:comment_date>
			<wp:comment_date_gmt>2013-08-29 01:54:42</wp:comment_date_gmt>
			<wp:comment_content><![CDATA[Quisque sodales fringilla tortor, ac egestas sapien accumsan nec. Nam elementum, ante ut lobortis commodo, ante turpis laoreet dolor, in viverra magna eros eu nunc. Pellentesque.]]></wp:comment_content>
			<wp:comment_approved>1</wp:comment_approved>
			<wp:comment_type></wp:comment_type>
			<wp:comment_parent>0</wp:comment_parent>
			<wp:comment_user_id>0</wp:comment_user_id>
		</wp:comment>
		<wp:comment>
			<wp:comment_id>30</wp:comment_id>
			<wp:comment_author><![CDATA[Magnus Jepson’]]></wp:comment_author>
			<wp:comment_author_email>magnus@woothemes.com</wp:comment_author_email>
			<wp:comment_author_url></wp:comment_author_url>
			<wp:comment_author_IP>::1</wp:comment_author_IP>
			<wp:comment_date>2013-08-29 01:55:09</wp:comment_date>
			<wp:comment_date_gmt>2013-08-29 01:55:09</wp:comment_date_gmt>
			<wp:comment_content><![CDATA[Vivamus tincidunt mi a sapien volutpat fermentum. Sed vitae lobortis nulla. Vivamus sodales lobortis nisi, a fringilla nisl dictum et.]]></wp:comment_content>
			<wp:comment_approved>1</wp:comment_approved>
			<wp:comment_type></wp:comment_type>
			<wp:comment_parent>29</wp:comment_parent>
			<wp:comment_user_id>0</wp:comment_user_id>
		</wp:comment>
		<wp:comment>
			<wp:comment_id>31</wp:comment_id>
			<wp:comment_author><![CDATA[Dan]]></wp:comment_author>
			<wp:comment_author_email>dan@woothemes.com</wp:comment_author_email>
			<wp:comment_author_url></wp:comment_author_url>
			<wp:comment_author_IP>::1</wp:comment_author_IP>
			<wp:comment_date>2013-08-29 01:55:36</wp:comment_date>
			<wp:comment_date_gmt>2013-08-29 01:55:36</wp:comment_date_gmt>
			<wp:comment_content><![CDATA[Cras a faucibus metus.]]></wp:comment_content>
			<wp:comment_approved>1</wp:comment_approved>
			<wp:comment_type></wp:comment_type>
			<wp:comment_parent>29</wp:comment_parent>
			<wp:comment_user_id>0</wp:comment_user_id>
		</wp:comment>
	</item>
	<item>
		<title>Integer ut tortor feugiat, adipiscing turpis sodales, venenatis nunc. In hac habitasse platea dictumst. Nulla magna lectus, ornare sed venenatis vel, fermentum et ante. Ut molestie tempus lobortis. Praesent egestas elit eget augue ullamcorper, in interdum elit porta.</title>
		<link>http://envision.wptation.com/quote-post-format/</link>
		<pubDate>Sun, 30 Jun 2013 21:19:55 +0000</pubDate>
		<dc:creator>admin</dc:creator>
		<guid isPermaLink="false">http://envision.wptation.com/?p=29</guid>
		<description></description>
		<content:encoded><![CDATA[]]></content:encoded>
		<excerpt:encoded><![CDATA[]]></excerpt:encoded>
		<wp:post_id>29</wp:post_id>
		<wp:post_date>2013-06-30 21:19:55</wp:post_date>
		<wp:post_date_gmt>2013-06-30 21:19:55</wp:post_date_gmt>
		<wp:comment_status>open</wp:comment_status>
		<wp:ping_status>open</wp:ping_status>
		<wp:post_name>quote-post-format</wp:post_name>
		<wp:status>publish</wp:status>
		<wp:post_parent>0</wp:post_parent>
		<wp:menu_order>0</wp:menu_order>
		<wp:post_type>post</wp:post_type>
		<wp:post_password></wp:post_password>
		<wp:is_sticky>0</wp:is_sticky>
		<category domain="post_format" nicename="post-format-quote"><![CDATA[Quote]]></category>
		<category domain="category" nicename="uncategorized"><![CDATA[Uncategorized]]></category>
		<wp:postmeta>
			<wp:meta_key>_edit_last</wp:meta_key>
			<wp:meta_value><![CDATA[1]]></wp:meta_value>
		</wp:postmeta>
		<wp:postmeta>
			<wp:meta_key>env_blog_gallery_indicator</wp:meta_key>
			<wp:meta_value><![CDATA[a:1:{i:0;s:1:"1";}]]></wp:meta_value>
		</wp:postmeta>
		<wp:postmeta>
			<wp:meta_key>env_blog_gallery_image</wp:meta_key>
			<wp:meta_value><![CDATA[a:1:{i:0;s:0:"";}]]></wp:meta_value>
		</wp:postmeta>
		<wp:postmeta>
			<wp:meta_key>env_titlebar</wp:meta_key>
			<wp:meta_value><![CDATA[1]]></wp:meta_value>
		</wp:postmeta>
		<wp:postmeta>
			<wp:meta_key>env_composer_activate</wp:meta_key>
			<wp:meta_value><![CDATA[FALSE]]></wp:meta_value>
		</wp:postmeta>
		<wp:postmeta>
			<wp:meta_key>env_likes</wp:meta_key>
			<wp:meta_value><![CDATA[0]]></wp:meta_value>
		</wp:postmeta>
	</item>
	<item>
		<title>Social Media - Composer Post</title>
		<link>http://envision.wptation.com/social-media-composer-post/</link>
		<pubDate>Sun, 21 Jul 2013 21:38:35 +0000</pubDate>
		<dc:creator>admin</dc:creator>
		<guid isPermaLink="false">http://envision.wptation.com/?p=36</guid>
		<description></description>
		<content:encoded><![CDATA[]]></content:encoded>
		<excerpt:encoded><![CDATA[Maecenas tincidunt mi id elementum imperdiet. Ut consequat turpis dui, bibendum sollicitudin nisl iaculis vitae. Fusce pulvinar ornare nulla, id rutrum odio faucibus quis. Vivamus luctus fringilla arcu, sit amet eleifend justo. Aliquam interdum ac velit at euismod. Ut tristique sem mauris, nec vestibulum lacus viverra id. Nulla tristique lorem eu libero dapibus ullamcorper. Nullam aliquet hendrerit varius. Nulla semper porttitor hendrerit. Praesent molestie gravida nisi, vitae vulputate nibh. Curabitur et cursus lorem, eu imperdiet diam. Morbi vestibulum arcu nec elementum suscipit. Ut bibendum quam sit amet diam mollis iaculis.]]></excerpt:encoded>
		<wp:post_id>36</wp:post_id>
		<wp:post_date>2013-07-21 21:38:35</wp:post_date>
		<wp:post_date_gmt>2013-07-21 21:38:35</wp:post_date_gmt>
		<wp:comment_status>open</wp:comment_status>
		<wp:ping_status>open</wp:ping_status>
		<wp:post_name>social-media-composer-post</wp:post_name>
		<wp:status>publish</wp:status>
		<wp:post_parent>0</wp:post_parent>
		<wp:menu_order>0</wp:menu_order>
		<wp:post_type>post</wp:post_type>
		<wp:post_password></wp:post_password>
		<wp:is_sticky>1</wp:is_sticky>
		<category domain="category" nicename="featured"><![CDATA[Featured]]></category>
		<category domain="category" nicename="uncategorized"><![CDATA[Uncategorized]]></category>
		<wp:postmeta>
			<wp:meta_key>_edit_last</wp:meta_key>
			<wp:meta_value><![CDATA[1]]></wp:meta_value>
		</wp:postmeta>
		<wp:postmeta>
			<wp:meta_key>_thumbnail_id</wp:meta_key>
			<wp:meta_value><![CDATA[37]]></wp:meta_value>
		</wp:postmeta>
		<wp:postmeta>
			<wp:meta_key>env_blog_gallery_indicator</wp:meta_key>
			<wp:meta_value><![CDATA[a:1:{i:0;s:1:"1";}]]></wp:meta_value>
		</wp:postmeta>
		<wp:postmeta>
			<wp:meta_key>env_blog_gallery_image</wp:meta_key>
			<wp:meta_value><![CDATA[a:1:{i:0;s:0:"";}]]></wp:meta_value>
		</wp:postmeta>
		<wp:postmeta>
			<wp:meta_key>env_titlebar</wp:meta_key>
			<wp:meta_value><![CDATA[1]]></wp:meta_value>
		</wp:postmeta>
		<wp:postmeta>
			<wp:meta_key>env_composer_activate</wp:meta_key>
			<wp:meta_value><![CDATA[1]]></wp:meta_value>
		</wp:postmeta>
		<wp:postmeta>
			<wp:meta_key>env_composer</wp:meta_key>
			<wp:meta_value><![CDATA[a:9:{i:101;a:8:{s:15:"_composer-title";s:8:"Drop Cap";s:14:"_composer-type";s:28:"CloudFw_Shortcode_Typography";s:16:"_composer-column";s:3:"1/2";s:14:"_composer-last";s:1:"0";s:9:"typo_type";s:7:"dropcap";s:12:"typo_content";s:636:"Maecenas tincidunt mi id elementum imperdiet. Ut consequat turpis dui, bibendum sollicitudin nisl iaculis vitae. Fusce pulvinar ornare nulla, id rutrum odio faucibus quis. Vivamus luctus fringilla arcu, sit amet eleifend justo. Aliquam interdum ac velit at euismod. Ut tristique sem mauris, nec vestibulum lacus viverra id. Nulla tristique lorem eu libero dapibus ullamcorper. Nullam aliquet hendrerit varius. Nulla semper porttitor hendrerit. Praesent molestie gravida nisi, vitae vulputate nibh. Curabitur et cursus lorem, eu imperdiet diam. Morbi vestibulum arcu nec elementum suscipit. Ut bibendum quam sit amet diam mollis iaculis.";s:15:"highlight_color";s:0:"";s:12:"highlight_bg";s:0:"";}i:102;a:7:{s:15:"_composer-title";s:4:"HTML";s:14:"_composer-type";s:21:"CloudFw_Composer_HTML";s:16:"_composer-column";s:3:"1/2";s:14:"_composer-last";s:1:"1";s:11:"the_content";s:676:"Nulla facilisi. Cras auctor tortor a nisl placerat pellentesque. Fusce mollis sit amet elit at vestibulum. Proin diam felis, vulputate cursus ligula vel, fermentum commodo augue. Aenean viverra id est sit amet rutrum. Sed egestas lorem mauris, sit amet dignissim arcu facilisis pulvinar. Etiam est libero, porttitor sit amet iaculis at, vulputate non nunc. Donec euismod leo vitae vehicula pellentesque. Aliquam pharetra egestas diam. Nunc lectus augue, ornare non erat sed, placerat pulvinar odio. Quisque vel nulla non ligula viverra adipiscing id at nisl. Sed sed blandit enim, vitae facilisis augue. Sed aliquam odio sed semper tempor. Morbi eleifend quis odio a bibendum.";s:6:"format";s:1:"1";s:7:"animate";s:1:"1";}i:103;a:17:{s:15:"_composer-title";s:44:"BUILT-IN HTML5 <strong>VIDEO PLAYER</strong>";s:14:"_composer-type";s:24:"CloudFw_Shortcode_Titles";s:16:"_composer-column";s:3:"1/1";s:14:"_composer-last";s:1:"1";s:10:"title_type";s:12:"title_bottom";s:12:"titles_title";s:44:"BUILT-IN HTML5 <strong>VIDEO PLAYER</strong>";s:14:"titles_element";s:2:"h6";s:12:"titles_align";s:6:"center";s:12:"titles_color";s:0:"";s:19:"titles_border_color";s:0:"";s:19:"titles_border_style";s:0:"";s:19:"titles_border_width";s:0:"";s:11:"titles_link";s:0:"";s:10:"margin_top";s:2:"12";s:13:"margin_bottom";s:0:"";s:9:"titles_id";s:0:"";s:12:"titles_class";s:0:"";}i:104;a:13:{s:15:"_composer-title";s:11:"HTML5 Video";s:14:"_composer-type";s:29:"CloudFw_Shortcode_Video_HTML5";s:16:"_composer-column";s:3:"1/1";s:14:"_composer-last";s:1:"1";s:10:"video_type";s:5:"video";s:16:"video_source_m4v";s:64:"http://d1z1yzn6ujr2vl.cloudfront.net/v/midnight_sun_sv1_720p.mp4";s:16:"video_source_ogv";s:64:"http://d1z1yzn6ujr2vl.cloudfront.net/v/midnight_sun_sv1_720p.mp4";s:18:"video_source_webmv";s:65:"http://d1z1yzn6ujr2vl.cloudfront.net/v/midnight_sun_sv1_720p.webm";s:12:"video_poster";s:80:"http://envision.wptation.com/wp-content/uploads/2013/07/sublime-video-poster.jpg";s:12:"video_shadow";s:0:"";s:10:"margin_top";s:0:"";s:13:"margin_bottom";s:0:"";s:14:"video_autoplay";s:5:"FALSE";}i:105;a:8:{s:15:"_composer-title";s:11:"Blank Space";s:14:"_composer-type";s:24:"CloudFw_Shortcode_Spaces";s:16:"_composer-column";s:3:"1/1";s:14:"_composer-last";s:1:"1";s:10:"space_type";s:5:"space";s:12:"space_height";s:2:"12";s:20:"space_height_tablets";s:0:"";s:19:"space_height_phones";s:0:"";}i:106;a:7:{s:15:"_composer-title";s:4:"HTML";s:14:"_composer-type";s:21:"CloudFw_Composer_HTML";s:16:"_composer-column";s:3:"1/2";s:14:"_composer-last";s:1:"0";s:11:"the_content";s:798:"Integer ut tortor feugiat, adipiscing turpis sodales, venenatis nunc. In hac habitasse platea dictumst. Nulla magna lectus, ornare sed venenatis vel, fermentum et ante. Ut molestie tempus lobortis. Praesent egestas elit eget augue ullamcorper, in interdum elit porta. Praesent tincidunt purus nisl, et laoreet lacus egestas non. Aenean et porttitor elit. Suspendisse eleifend libero at nulla congue porttitor. Curabitur pharetra eleifend est, nec venenatis turpis consequat in. Praesent vel aliquam nisl, a ornare diam. Nullam sodales, nibh vitae suscipit eleifend, quam nulla accumsan eros, eu sagittis erat felis in tortor. Suspendisse molestie diam eget nunc iaculis faucibus. Duis faucibus posuere nibh, vitae rutrum tortor dictum ac. Curabitur condimentum condimentum eros bibendum adipiscing.";s:6:"format";s:1:"1";s:7:"animate";s:1:"1";}i:107;a:7:{s:15:"_composer-title";s:4:"HTML";s:14:"_composer-type";s:21:"CloudFw_Composer_HTML";s:16:"_composer-column";s:3:"1/2";s:14:"_composer-last";s:1:"1";s:11:"the_content";s:771:"Pellentesque pulvinar, justo eget dignissim pellentesque, odio mauris volutpat est, vel consequat ante sem nec purus. Donec pellentesque adipiscing elit vitae pharetra. Integer mattis at tortor accumsan consequat. Fusce orci turpis, congue eget lobortis non, vehicula quis mauris. Duis sed tincidunt ante. Aenean posuere quam tristique diam scelerisque, non pulvinar libero sodales. In quis neque nulla. Aenean venenatis tristique nibh, in volutpat nisl fringilla ac. Proin scelerisque ullamcorper nibh at vulputate. Cras vestibulum venenatis mattis. Nam posuere aliquam aliquet. Cras volutpat ut sapien sit amet faucibus. Nam lacus metus, lobortis quis sapien vel, ultricies malesuada magna. Aliquam erat volutpat. In volutpat diam erat, eget ultricies est fermentum in.";s:6:"format";s:1:"1";s:7:"animate";s:1:"1";}i:108;a:18:{s:15:"_composer-title";s:14:"Theme Features";s:14:"_composer-type";s:25:"CloudFw_Shortcode_Buttons";s:16:"_composer-column";s:3:"1/1";s:14:"_composer-last";s:1:"1";s:12:"button_title";s:14:"Theme Features";s:11:"button_link";s:10:"/features/";s:13:"button_target";s:0:"";s:11:"button_size";s:0:"";s:12:"button_color";s:11:"btn-primary";s:12:"button_align";s:0:"";s:13:"button_radius";s:10:"radius-3px";s:12:"button_block";s:1:"1";s:13:"button_shadow";s:0:"";s:15:"button_icon_pre";s:39:"FontAwesome/icon-caret-right||size:14px";s:25:"button_icon_icon_position";s:5:"right";s:20:"button_custom_effect";s:0:"";s:10:"margin_top";s:0:"";s:13:"margin_bottom";s:0:"";}i:109;a:8:{s:15:"_composer-title";s:11:"Blank Space";s:14:"_composer-type";s:24:"CloudFw_Shortcode_Spaces";s:16:"_composer-column";s:3:"1/1";s:14:"_composer-last";s:1:"1";s:10:"space_type";s:5:"space";s:12:"space_height";s:2:"30";s:20:"space_height_tablets";s:0:"";s:19:"space_height_phones";s:0:"";}}]]></wp:meta_value>
		</wp:postmeta>
		<wp:postmeta>
			<wp:meta_key>env_likes</wp:meta_key>
			<wp:meta_value><![CDATA[5]]></wp:meta_value>
		</wp:postmeta>
		<wp:comment>
			<wp:comment_id>23</wp:comment_id>
			<wp:comment_author><![CDATA[Matty]]></wp:comment_author>
			<wp:comment_author_email>matt@woothemes.com</wp:comment_author_email>
			<wp:comment_author_url></wp:comment_author_url>
			<wp:comment_author_IP>::1</wp:comment_author_IP>
			<wp:comment_date>2013-08-28 22:53:44</wp:comment_date>
			<wp:comment_date_gmt>2013-08-28 22:53:44</wp:comment_date_gmt>
			<wp:comment_content><![CDATA[In orci nulla, pharetra ac vestibulum dictum, consectetur nec eros. Nunc id odio neque. Nulla facilisi. Aliquam vitae elementum magna, ac egestas turpis. Aenean in sapien neque. Donec quis ipsum lobortis, euismod diam et, vehicula elit. Phasellus vitae interdum dolor.]]></wp:comment_content>
			<wp:comment_approved>1</wp:comment_approved>
			<wp:comment_type></wp:comment_type>
			<wp:comment_parent>0</wp:comment_parent>
			<wp:comment_user_id>0</wp:comment_user_id>
		</wp:comment>
		<wp:comment>
			<wp:comment_id>24</wp:comment_id>
			<wp:comment_author><![CDATA[Orkun Gursel]]></wp:comment_author>
			<wp:comment_author_email>orquncom@gmail.com</wp:comment_author_email>
			<wp:comment_author_url></wp:comment_author_url>
			<wp:comment_author_IP>::1</wp:comment_author_IP>
			<wp:comment_date>2013-08-28 22:54:18</wp:comment_date>
			<wp:comment_date_gmt>2013-08-28 22:54:18</wp:comment_date_gmt>
			<wp:comment_content><![CDATA[Vivamus at tellus bibendum, vehicula velit ac, mollis sapien. Etiam in risus eget nulla suscipit fermentum a sed turpis. Nunc elementum vulputate sem. Pellentesque habitant morbi tristique senectus et netus et malesuada fames ac turpis egestas. Cras tincidunt nulla in nulla iaculis fermentum. Aliquam quam purus, luctus in auctor sed, lacinia vitae turpis. Nunc varius tempor dui, varius gravida enim pharetra id.]]></wp:comment_content>
			<wp:comment_approved>1</wp:comment_approved>
			<wp:comment_type></wp:comment_type>
			<wp:comment_parent>23</wp:comment_parent>
			<wp:comment_user_id>1</wp:comment_user_id>
		</wp:comment>
		<wp:comment>
			<wp:comment_id>25</wp:comment_id>
			<wp:comment_author><![CDATA[Matty]]></wp:comment_author>
			<wp:comment_author_email>matt@woothemes.com</wp:comment_author_email>
			<wp:comment_author_url></wp:comment_author_url>
			<wp:comment_author_IP>::1</wp:comment_author_IP>
			<wp:comment_date>2013-08-28 22:55:19</wp:comment_date>
			<wp:comment_date_gmt>2013-08-28 22:55:19</wp:comment_date_gmt>
			<wp:comment_content><![CDATA[Pellentesque habitant morbi tristique senectus.]]></wp:comment_content>
			<wp:comment_approved>1</wp:comment_approved>
			<wp:comment_type></wp:comment_type>
			<wp:comment_parent>24</wp:comment_parent>
			<wp:comment_user_id>0</wp:comment_user_id>
		</wp:comment>
		<wp:comment>
			<wp:comment_id>26</wp:comment_id>
			<wp:comment_author><![CDATA[Orkun Gursel]]></wp:comment_author>
			<wp:comment_author_email>orquncom@gmail.com</wp:comment_author_email>
			<wp:comment_author_url></wp:comment_author_url>
			<wp:comment_author_IP>::1</wp:comment_author_IP>
			<wp:comment_date>2013-08-28 22:56:11</wp:comment_date>
			<wp:comment_date_gmt>2013-08-28 22:56:11</wp:comment_date_gmt>
			<wp:comment_content><![CDATA[Cras tincidunt nulla in nulla.

Nulla facilisi.]]></wp:comment_content>
			<wp:comment_approved>1</wp:comment_approved>
			<wp:comment_type></wp:comment_type>
			<wp:comment_parent>24</wp:comment_parent>
			<wp:comment_user_id>1</wp:comment_user_id>
		</wp:comment>
		<wp:comment>
			<wp:comment_id>27</wp:comment_id>
			<wp:comment_author><![CDATA[Dan]]></wp:comment_author>
			<wp:comment_author_email>dan@woothemes.com</wp:comment_author_email>
			<wp:comment_author_url></wp:comment_author_url>
			<wp:comment_author_IP>::1</wp:comment_author_IP>
			<wp:comment_date>2013-08-28 22:57:23</wp:comment_date>
			<wp:comment_date_gmt>2013-08-28 22:57:23</wp:comment_date_gmt>
			<wp:comment_content><![CDATA[Quisque sodales fringilla tortor, ac egestas sapien accumsan nec. Nam elementum, ante ut lobortis commodo, ante turpis laoreet dolor, in viverra magna eros eu nunc. Pellentesque.]]></wp:comment_content>
			<wp:comment_approved>1</wp:comment_approved>
			<wp:comment_type></wp:comment_type>
			<wp:comment_parent>24</wp:comment_parent>
			<wp:comment_user_id>0</wp:comment_user_id>
		</wp:comment>
		<wp:comment>
			<wp:comment_id>28</wp:comment_id>
			<wp:comment_author><![CDATA[Dan]]></wp:comment_author>
			<wp:comment_author_email>dan@woothemes.com</wp:comment_author_email>
			<wp:comment_author_url></wp:comment_author_url>
			<wp:comment_author_IP>::1</wp:comment_author_IP>
			<wp:comment_date>2013-08-28 22:57:49</wp:comment_date>
			<wp:comment_date_gmt>2013-08-28 22:57:49</wp:comment_date_gmt>
			<wp:comment_content><![CDATA[Pellentesque habitant morbi tristique senectus et netus et malesuada fames ac turpis egestas. Sed id magna lectus. Donec elementum vel lorem a porttitor. Ut commodo ornare leo ac tincidunt. Sed rutrum porttitor urna vel accumsan. Donec ultricies justo nisl, id commodo sem venenatis vel. Cras consectetur mi at lacus condimentum tristique.]]></wp:comment_content>
			<wp:comment_approved>1</wp:comment_approved>
			<wp:comment_type></wp:comment_type>
			<wp:comment_parent>0</wp:comment_parent>
			<wp:comment_user_id>0</wp:comment_user_id>
		</wp:comment>
	</item>
	<item>
		<title>Gallery Post #2</title>
		<link>http://envision.wptation.com/gallery-post-2/</link>
		<pubDate>Sun, 05 May 2013 10:27:40 +0000</pubDate>
		<dc:creator>admin</dc:creator>
		<guid isPermaLink="false">http://envision.wptation.com/?p=41</guid>
		<description></description>
		<content:encoded><![CDATA[Velit euismod maluisset mel no, noster dissentias ea eos. Ubique denique constituto ad his, duo ad solet posidonium, vide eius habeo nec cu. An his appetere consequat. Ea nonumes platonem conclusionemque ius. Ad nam debitis menandri constituam.

Has ex utroque graecis, augue vitae voluptatibus qui ut. Vim facilis vituperata reprimique at, mei an facete vocent ancillae. An vel saperet intellegat. Duo eu tempor liberavisse. Minim apeirian tincidunt sea ea. Eripuit percipitur te duo, clita nostro instructior ut eos.

Sit no numquam molestie postulant. Ne qui essent quaestio repudiare. Per nibh prodesset cu. No quaeque debitis nusquam has, id eum semper iisque commodo. Te primis accusata mandamus has, mei mediocrem iudicabit cotidieque ad, dolorum definiebas mel ne. Mei in vocibus officiis reprimique.

Denique intellegam eu eum, percipitur scribentur vis eu. Agam eirmod appareat has cu, melius salutandi cu has. Usu atqui errem nostro te, vix agam essent voluptatum ea. Eum in purto veniam dignissim, ut duis comprehensam nam. Habemus adipisci usu id. Ferri intellegebat cu nam, vis in nulla principes. Per id accusam accommodare, lorem ubique putent duo et.

Eu usu alii justo fastidii. Sed mazim nominavi repudiandae no. Ipsum corpora deleniti quo ut, in pro solet assueverit. Quot mucius singulis in eum. Atomorum reprehendunt ea vix.

Exerci hendrerit definiebas cu usu. Graece ignota at eam, eum ut unum repudiare complectitur. Cu usu salutatus repudiare, doctus repudiandae sed an, et zril tantas vel. Ea suas melius sit, agam posse iudico ei quo.

Ius liber mundi referrentur ea, cu commodo veritus probatus ius. An has blandit delicatissimi, aliquam delicata has ea. Deserunt scriptorem complectitur ei duo. Vix cu alii alterum elaboraret. Eum cu quodsi accusam.

Mea ea persius placerat pericula. Qualisque similique ius at, ea nonumes salutandi mel. Vis id stet solum iracundia, id definiebas omittantur eloquentiam vis, commune albucius dissentias ne pri. Et cetero repudiare assentior duo, alterum appellantur necessitatibus ad vis, vocent viderer impedit mea ad. Quo scaevola praesent moderatius an, essent maiorum scriptorem vix an.

Tota albucius elaboraret cu vix. Ut usu dicant patrioque evertitur, eam iudico exerci vidisse ad, vim viris liberavisse te. Mei soluta adipisci at. Ut pri esse urbanitas repudiandae, te veri blandit posidonium quo, ei malis melius liberavisse sea. Sit justo nostrud menandri ea, ei sea eruditi delenit perfecto. Sea ne agam sapientem, recusabo elaboraret et vis.

Ei tantas offendit argumentum mea, vivendo iudicabit ex sea. Vim dico graece graeci ea, ius an accumsan tractatos. Eu vim nullam lucilius voluptaria, at per evertitur vituperatoribus. Nam at odio lorem dicta. Cum dicunt mnesarchum ne, at eum nominavi lucilius inimicus, ridens iriure ea vis.]]></content:encoded>
		<excerpt:encoded><![CDATA[]]></excerpt:encoded>
		<wp:post_id>41</wp:post_id>
		<wp:post_date>2013-05-05 10:27:40</wp:post_date>
		<wp:post_date_gmt>2013-05-05 10:27:40</wp:post_date_gmt>
		<wp:comment_status>open</wp:comment_status>
		<wp:ping_status>open</wp:ping_status>
		<wp:post_name>gallery-post-2</wp:post_name>
		<wp:status>publish</wp:status>
		<wp:post_parent>0</wp:post_parent>
		<wp:menu_order>0</wp:menu_order>
		<wp:post_type>post</wp:post_type>
		<wp:post_password></wp:post_password>
		<wp:is_sticky>0</wp:is_sticky>
		<category domain="category" nicename="featured"><![CDATA[Featured]]></category>
		<category domain="category" nicename="gallery"><![CDATA[Gallery]]></category>
		<category domain="category" nicename="image"><![CDATA[Image]]></category>
		<category domain="post_format" nicename="post-format-gallery"><![CDATA[Gallery]]></category>
		<wp:postmeta>
			<wp:meta_key>_edit_last</wp:meta_key>
			<wp:meta_value><![CDATA[1]]></wp:meta_value>
		</wp:postmeta>
		<wp:postmeta>
			<wp:meta_key>_thumbnail_id</wp:meta_key>
			<wp:meta_value><![CDATA[43]]></wp:meta_value>
		</wp:postmeta>
		<wp:postmeta>
			<wp:meta_key>env_blog_gallery_indicator</wp:meta_key>
			<wp:meta_value><![CDATA[a:1:{i:0;s:1:"1";}]]></wp:meta_value>
		</wp:postmeta>
		<wp:postmeta>
			<wp:meta_key>env_blog_gallery_image</wp:meta_key>
			<wp:meta_value><![CDATA[a:1:{i:0;s:63:"http://envision.wptation.com/wp-content/uploads/2013/07/1-1.jpg";}]]></wp:meta_value>
		</wp:postmeta>
		<wp:postmeta>
			<wp:meta_key>env_titlebar</wp:meta_key>
			<wp:meta_value><![CDATA[1]]></wp:meta_value>
		</wp:postmeta>
		<wp:postmeta>
			<wp:meta_key>env_composer_activate</wp:meta_key>
			<wp:meta_value><![CDATA[FALSE]]></wp:meta_value>
		</wp:postmeta>
		<wp:postmeta>
			<wp:meta_key>env_likes</wp:meta_key>
			<wp:meta_value><![CDATA[1]]></wp:meta_value>
		</wp:postmeta>
	</item>
	<item>
		<title>Test Page</title>
		<link>http://envision.wptation.com/?p=929</link>
		<pubDate>Thu, 01 Jan 1970 00:00:00 +0000</pubDate>
		<dc:creator>admin</dc:creator>
		<guid isPermaLink="false">http://envision.wptation.com/?p=929</guid>
		<description></description>
		<content:encoded><![CDATA[]]></content:encoded>
		<excerpt:encoded><![CDATA[]]></excerpt:encoded>
		<wp:post_id>929</wp:post_id>
		<wp:post_date>2013-09-11 10:44:03</wp:post_date>
		<wp:post_date_gmt>0000-00-00 00:00:00</wp:post_date_gmt>
		<wp:comment_status>open</wp:comment_status>
		<wp:ping_status>open</wp:ping_status>
		<wp:post_name></wp:post_name>
		<wp:status>draft</wp:status>
		<wp:post_parent>0</wp:post_parent>
		<wp:menu_order>0</wp:menu_order>
		<wp:post_type>post</wp:post_type>
		<wp:post_password></wp:post_password>
		<wp:is_sticky>0</wp:is_sticky>
		<category domain="category" nicename="uncategorized"><![CDATA[Uncategorized]]></category>
		<wp:postmeta>
			<wp:meta_key>_edit_last</wp:meta_key>
			<wp:meta_value><![CDATA[1]]></wp:meta_value>
		</wp:postmeta>
	</item>
</channel>
</rss>
