<wpml-config>
	<custom-fields>
	 <custom-field action="translate">env_composer</custom-field>
	 <custom-field action="translate">env_composer_activate</custom-field>
	 <custom-field action="translate">env_titlebar</custom-field>
	 <custom-field action="translate">env_titlebar_title</custom-field>
	 <custom-field action="translate">env_titlebar_text</custom-field>
	 <custom-field action="translate">env_titlebar_background_image</custom-field>
	</custom-fields>
    <custom-types>
        <custom-type translate="1">portfolio</custom-type>
    </custom-types>
	<taxonomies>
		<taxonomy translate="1">cat-portfolio</taxonomy>
	</taxonomies>  
</wpml-config>